{
  "SchemaVersion": 2,
  "ArtifactName": "/home/vsts/work/1/edge-sceuitool/dockerimage.tar",
  "ArtifactType": "container_image",
  "Metadata": {
    "OS": {
      "Family": "alpine",
      "Name": "3.16.3"
    },
    "ImageID": "sha256:34b85cdbe25bbb1ba495bfbe56e33a959c773690e47df411994983440e4ae996",
    "DiffIDs": [
      "sha256:e5e13b0c77cbb769548077189c3da2f0a764ceca06af49d8d558e759f5c232bd",
      "sha256:bae7eaf80215a7c6f524b46b270c0e3d22776570c382032908cd451611134696",
      "sha256:d5dc82ea3a8da8d6de2fc43cd1f406d09c9a6f0c3d629477591d60eff55ec4a2",
      "sha256:c88b350624c7d7442b538c3ec3cb95c7a8a55e368ad3be193410784c5ac56cf4",
      "sha256:9a439c069919ed349c0b1d32d867078539cc6c1cb8ef1712939ea906a9bfaab1",
      "sha256:6f298cefc9d03efbb621c855a4ee4621ce4c442f0c121d1639a4e92b538e30f4",
      "sha256:0aaf1e03c723cad38f9a180ba6db6de8912ee247713f7b5cd7a38bc779e67ed9",
      "sha256:4c739d9566a81ad9e1e62ee75deb2729014fcd10ed2b3a12811096139a416837",
      "sha256:041e4da4536f146620a2a39652b4ab100fa3d474eb60361d18cdff4975692dc4",
      "sha256:d25aad3169b0aa85874d53a77232bf4bbeff92a8bcaa7951c9e8f04e3e3737a0",
      "sha256:fe7617462cd2282c7f98e8959e144e63dfb6b3aedd29040d324bb0afb0d212fc",
      "sha256:3bd46925708458864e25b6eadc4ea67e6eb369b6d6e889df949de405f11af302",
      "sha256:61ec8f393343382e6a4b3dc895761c5ea87d747d31b90411620b01fb8949d22c",
      "sha256:80eff470b6e781290cf1fd25075af0102936f7843b3a622d2685961a92bc52dd",
      "sha256:5711fea8ef8b937364b80c1d89a3a5384176b5d31a5cf04825f4e3329455c88c",
      "sha256:719c9a919fab9ff120635a3e4cf9a6cb80a338bc213b42f2520e3dba201dcff9",
      "sha256:3678327617a0b72f0bf59b1678bb5ed7b4b02912640aaf287b4a63d94d688c01",
      "sha256:64c2f41086fb5f67eed26edb75de2087d666295c974eee89f0ee640b7e5b300f",
      "sha256:4b1454f4382bf2be84f86121b20ae58393baf890d67968a80f07a5348ead6499",
      "sha256:0e31e58a22a91552fc8df75c7a44f5a5fa4d2351b94091f9af72f768afeb10bf"
    ],
    "ImageConfig": {
      "architecture": "amd64",
      "container": "f5523d17e09aba209bc6e807979c74586360e0cb87c6b2b5d742d7a7705d0eb8",
      "created": "2022-12-08T08:10:00.138823141Z",
      "docker_version": "20.10.21+azure-1",
      "history": [
        {
          "created": "2022-11-12T04:19:23.05154209Z",
          "created_by": "/bin/sh -c #(nop) ADD file:ceeb6e8632fafc657116cbf3afbd522185a16963230b57881073dad22eb0e1a3 in / "
        },
        {
          "created": "2022-11-12T04:19:23.199716539Z",
          "created_by": "/bin/sh -c #(nop)  CMD [\"/bin/sh\"]",
          "empty_layer": true
        },
        {
          "created": "2022-11-12T06:27:39.250897562Z",
          "created_by": "/bin/sh -c #(nop)  LABEL maintainer=NGINX Docker Maintainers \u003cdocker-maint@nginx.com\u003e",
          "empty_layer": true
        },
        {
          "created": "2022-11-12T06:28:06.515141487Z",
          "created_by": "/bin/sh -c #(nop)  ENV NGINX_VERSION=1.22.1",
          "empty_layer": true
        },
        {
          "created": "2022-11-12T06:28:06.612323166Z",
          "created_by": "/bin/sh -c #(nop)  ENV NJS_VERSION=0.7.7",
          "empty_layer": true
        },
        {
          "created": "2022-11-12T06:28:06.707841295Z",
          "created_by": "/bin/sh -c #(nop)  ENV PKG_RELEASE=1",
          "empty_layer": true
        },
        {
          "created": "2022-11-12T06:28:13.773521803Z",
          "created_by": "/bin/sh -c set -x     \u0026\u0026 addgroup -g 101 -S nginx     \u0026\u0026 adduser -S -D -H -u 101 -h /var/cache/nginx -s /sbin/nologin -G nginx -g nginx nginx     \u0026\u0026 apkArch=\"$(cat /etc/apk/arch)\"     \u0026\u0026 nginxPackages=\"         nginx=${NGINX_VERSION}-r${PKG_RELEASE}         nginx-module-xslt=${NGINX_VERSION}-r${PKG_RELEASE}         nginx-module-geoip=${NGINX_VERSION}-r${PKG_RELEASE}         nginx-module-image-filter=${NGINX_VERSION}-r${PKG_RELEASE}         nginx-module-njs=${NGINX_VERSION}.${NJS_VERSION}-r${PKG_RELEASE}     \"     \u0026\u0026 apk add --no-cache --virtual .checksum-deps         openssl     \u0026\u0026 case \"$apkArch\" in         x86_64|aarch64)             set -x             \u0026\u0026 KEY_SHA512=\"e7fa8303923d9b95db37a77ad46c68fd4755ff935d0a534d26eba83de193c76166c68bfe7f65471bf8881004ef4aa6df3e34689c305662750c0172fca5d8552a *stdin\"             \u0026\u0026 wget -O /tmp/nginx_signing.rsa.pub https://nginx.org/keys/nginx_signing.rsa.pub             \u0026\u0026 if [ \"$(openssl rsa -pubin -in /tmp/nginx_signing.rsa.pub -text -noout | openssl sha512 -r)\" = \"$KEY_SHA512\" ]; then                 echo \"key verification succeeded!\";                 mv /tmp/nginx_signing.rsa.pub /etc/apk/keys/;             else                 echo \"key verification failed!\";                 exit 1;             fi             \u0026\u0026 apk add -X \"https://nginx.org/packages/alpine/v$(egrep -o '^[0-9]+\\.[0-9]+' /etc/alpine-release)/main\" --no-cache $nginxPackages             ;;         *)             set -x             \u0026\u0026 tempDir=\"$(mktemp -d)\"             \u0026\u0026 chown nobody:nobody $tempDir             \u0026\u0026 apk add --no-cache --virtual .build-deps                 gcc                 libc-dev                 make                 openssl-dev                 pcre2-dev                 zlib-dev                 linux-headers                 libxslt-dev                 gd-dev                 geoip-dev                 perl-dev                 libedit-dev                 bash                 alpine-sdk                 findutils             \u0026\u0026 su nobody -s /bin/sh -c \"                 export HOME=${tempDir}                 \u0026\u0026 cd ${tempDir}                 \u0026\u0026 curl -f -O https://hg.nginx.org/pkg-oss/archive/${NGINX_VERSION}-${PKG_RELEASE}.tar.gz                 \u0026\u0026 PKGOSSCHECKSUM=\\\"7266f418dcc9d89a2990f504d99ec58d10febbaf078c03630d42843955cee7e50b0f90fb317360384a32473839dc42d8b329b737015ec8dd0d028f90d4d5ed25 *${NGINX_VERSION}-${PKG_RELEASE}.tar.gz\\\"                 \u0026\u0026 if [ \\\"\\$(openssl sha512 -r ${NGINX_VERSION}-${PKG_RELEASE}.tar.gz)\\\" = \\\"\\$PKGOSSCHECKSUM\\\" ]; then                     echo \\\"pkg-oss tarball checksum verification succeeded!\\\";                 else                     echo \\\"pkg-oss tarball checksum verification failed!\\\";                     exit 1;                 fi                 \u0026\u0026 tar xzvf ${NGINX_VERSION}-${PKG_RELEASE}.tar.gz                 \u0026\u0026 cd pkg-oss-${NGINX_VERSION}-${PKG_RELEASE}                 \u0026\u0026 cd alpine                 \u0026\u0026 make all                 \u0026\u0026 apk index -o ${tempDir}/packages/alpine/${apkArch}/APKINDEX.tar.gz ${tempDir}/packages/alpine/${apkArch}/*.apk                 \u0026\u0026 abuild-sign -k ${tempDir}/.abuild/abuild-key.rsa ${tempDir}/packages/alpine/${apkArch}/APKINDEX.tar.gz                 \"             \u0026\u0026 cp ${tempDir}/.abuild/abuild-key.rsa.pub /etc/apk/keys/             \u0026\u0026 apk del .build-deps             \u0026\u0026 apk add -X ${tempDir}/packages/alpine/ --no-cache $nginxPackages             ;;     esac     \u0026\u0026 apk del .checksum-deps     \u0026\u0026 if [ -n \"$tempDir\" ]; then rm -rf \"$tempDir\"; fi     \u0026\u0026 if [ -n \"/etc/apk/keys/abuild-key.rsa.pub\" ]; then rm -f /etc/apk/keys/abuild-key.rsa.pub; fi     \u0026\u0026 if [ -n \"/etc/apk/keys/nginx_signing.rsa.pub\" ]; then rm -f /etc/apk/keys/nginx_signing.rsa.pub; fi     \u0026\u0026 apk add --no-cache --virtual .gettext gettext     \u0026\u0026 mv /usr/bin/envsubst /tmp/         \u0026\u0026 runDeps=\"$(         scanelf --needed --nobanner /tmp/envsubst             | awk '{ gsub(/,/, \"\\nso:\", $2); print \"so:\" $2 }'             | sort -u             | xargs -r apk info --installed             | sort -u     )\"     \u0026\u0026 apk add --no-cache $runDeps     \u0026\u0026 apk del .gettext     \u0026\u0026 mv /tmp/envsubst /usr/local/bin/     \u0026\u0026 apk add --no-cache tzdata     \u0026\u0026 apk add --no-cache curl ca-certificates     \u0026\u0026 ln -sf /dev/stdout /var/log/nginx/access.log     \u0026\u0026 ln -sf /dev/stderr /var/log/nginx/error.log     \u0026\u0026 mkdir /docker-entrypoint.d"
        },
        {
          "created": "2022-11-12T06:28:13.965135431Z",
          "created_by": "/bin/sh -c #(nop) COPY file:7b307b62e82255f040c9812421a30090bf9abf3685f27b02d77fcca99f997911 in / "
        },
        {
          "created": "2022-11-12T06:28:14.082133146Z",
          "created_by": "/bin/sh -c #(nop) COPY file:5c18272734349488bd0c94ec8d382c872c1a0a435cca13bd4671353d6021d2cb in /docker-entrypoint.d "
        },
        {
          "created": "2022-11-12T06:28:14.196655394Z",
          "created_by": "/bin/sh -c #(nop) COPY file:abbcbf84dc17ee4454b6b2e3cf914be88e02cf84d344ec45a5b31235379d722a in /docker-entrypoint.d "
        },
        {
          "created": "2022-11-12T06:28:14.313036641Z",
          "created_by": "/bin/sh -c #(nop) COPY file:e57eef017a414ca793499729d80a7b9075790c9a804f930f1417e56d506970cf in /docker-entrypoint.d "
        },
        {
          "created": "2022-11-12T06:28:14.416215801Z",
          "created_by": "/bin/sh -c #(nop)  ENTRYPOINT [\"/docker-entrypoint.sh\"]",
          "empty_layer": true
        },
        {
          "created": "2022-11-12T06:28:14.524039873Z",
          "created_by": "/bin/sh -c #(nop)  EXPOSE 80",
          "empty_layer": true
        },
        {
          "created": "2022-11-12T06:28:14.649701056Z",
          "created_by": "/bin/sh -c #(nop)  STOPSIGNAL SIGQUIT",
          "empty_layer": true
        },
        {
          "created": "2022-11-12T06:28:14.771880707Z",
          "created_by": "/bin/sh -c #(nop)  CMD [\"nginx\" \"-g\" \"daemon off;\"]",
          "empty_layer": true
        },
        {
          "created": "2022-12-08T08:09:42.768679848Z",
          "created_by": "/bin/sh -c #(nop) WORKDIR /webapp"
        },
        {
          "created": "2022-12-08T08:09:44.000088025Z",
          "created_by": "/bin/sh -c #(nop) COPY file:4fa291707524a55565c0000f2ef6195fd810c510c9f2a74ec5ea945f4cdfc55b in . "
        },
        {
          "created": "2022-12-08T08:09:44.472007942Z",
          "created_by": "/bin/sh -c chmod -R 777 /webapp"
        },
        {
          "created": "2022-12-08T08:09:45.136357183Z",
          "created_by": "/bin/sh -c #(nop) WORKDIR /usr/share/nginx/html",
          "empty_layer": true
        },
        {
          "created": "2022-12-08T08:09:47.085299576Z",
          "created_by": "/bin/sh -c #(nop) COPY dir:891ad59131d88a5753d91e5ae8112267d5a32d7992d861ecb248679fa83b8663 in /usr/share/nginx/html "
        },
        {
          "created": "2022-12-08T08:09:48.000128886Z",
          "created_by": "/bin/sh -c #(nop) COPY file:96381872df9b6e328776f17585e94c3bf0195b2b75e4945d7758f6effd3191ef in /etc/nginx/conf.d/default.conf "
        },
        {
          "created": "2022-12-08T08:09:49.000153969Z",
          "created_by": "/bin/sh -c #(nop) COPY file:deb65536b86956437244dbded2d5ea0ff7357f7a787112b4fabebb0fef811b51 in /etc/nginx/ "
        },
        {
          "created": "2022-12-08T08:09:49.499515114Z",
          "created_by": "/bin/sh -c touch /var/run/nginx.pid"
        },
        {
          "created": "2022-12-08T08:09:50.480436414Z",
          "created_by": "/bin/sh -c chown -R 999:999 /webapp"
        },
        {
          "created": "2022-12-08T08:09:51.495707503Z",
          "created_by": "/bin/sh -c chown -R 999:999 /var/run/nginx.pid \u0026\u0026 chmod -R 777 /var/run/nginx.pid"
        },
        {
          "created": "2022-12-08T08:09:53.180697996Z",
          "created_by": "/bin/sh -c chown -R 999:999 /usr/share/nginx/html \u0026\u0026 chmod -R 777 /usr/share/nginx/html"
        },
        {
          "created": "2022-12-08T08:09:53.654373299Z",
          "created_by": "/bin/sh -c chown -R 999:999 /var/cache/nginx"
        },
        {
          "created": "2022-12-08T08:09:54.469124315Z",
          "created_by": "/bin/sh -c chown -R 999:999 /var/log/nginx"
        },
        {
          "created": "2022-12-08T08:09:55.480849626Z",
          "created_by": "/bin/sh -c chown -R 999:999 /etc/nginx/conf.d"
        },
        {
          "created": "2022-12-08T08:09:56.484959788Z",
          "created_by": "/bin/sh -c chown -R 999:999 /etc/nginx/nginx.conf \u0026\u0026 chmod -R 777 /etc/nginx/nginx.conf"
        },
        {
          "created": "2022-12-08T08:09:57.475584177Z",
          "created_by": "/bin/sh -c chmod -R 777 /usr/share/nginx/html/static/configurations/config.js /usr/share/nginx/html/index.html",
          "empty_layer": true
        },
        {
          "created": "2022-12-08T08:09:58.134145015Z",
          "created_by": "/bin/sh -c #(nop)  USER 999",
          "empty_layer": true
        },
        {
          "created": "2022-12-08T08:09:59.156796096Z",
          "created_by": "/bin/sh -c #(nop)  EXPOSE 8080",
          "empty_layer": true
        },
        {
          "created": "2022-12-08T08:10:00.138823141Z",
          "created_by": "/bin/sh -c #(nop)  CMD [\"/bin/sh\" \"-c\" \"/webapp/startup.sh \u0026\u0026 nginx -g 'daemon off;'\"]",
          "empty_layer": true
        }
      ],
      "os": "linux",
      "rootfs": {
        "type": "layers",
        "diff_ids": [
          "sha256:e5e13b0c77cbb769548077189c3da2f0a764ceca06af49d8d558e759f5c232bd",
          "sha256:bae7eaf80215a7c6f524b46b270c0e3d22776570c382032908cd451611134696",
          "sha256:d5dc82ea3a8da8d6de2fc43cd1f406d09c9a6f0c3d629477591d60eff55ec4a2",
          "sha256:c88b350624c7d7442b538c3ec3cb95c7a8a55e368ad3be193410784c5ac56cf4",
          "sha256:9a439c069919ed349c0b1d32d867078539cc6c1cb8ef1712939ea906a9bfaab1",
          "sha256:6f298cefc9d03efbb621c855a4ee4621ce4c442f0c121d1639a4e92b538e30f4",
          "sha256:0aaf1e03c723cad38f9a180ba6db6de8912ee247713f7b5cd7a38bc779e67ed9",
          "sha256:4c739d9566a81ad9e1e62ee75deb2729014fcd10ed2b3a12811096139a416837",
          "sha256:041e4da4536f146620a2a39652b4ab100fa3d474eb60361d18cdff4975692dc4",
          "sha256:d25aad3169b0aa85874d53a77232bf4bbeff92a8bcaa7951c9e8f04e3e3737a0",
          "sha256:fe7617462cd2282c7f98e8959e144e63dfb6b3aedd29040d324bb0afb0d212fc",
          "sha256:3bd46925708458864e25b6eadc4ea67e6eb369b6d6e889df949de405f11af302",
          "sha256:61ec8f393343382e6a4b3dc895761c5ea87d747d31b90411620b01fb8949d22c",
          "sha256:80eff470b6e781290cf1fd25075af0102936f7843b3a622d2685961a92bc52dd",
          "sha256:5711fea8ef8b937364b80c1d89a3a5384176b5d31a5cf04825f4e3329455c88c",
          "sha256:719c9a919fab9ff120635a3e4cf9a6cb80a338bc213b42f2520e3dba201dcff9",
          "sha256:3678327617a0b72f0bf59b1678bb5ed7b4b02912640aaf287b4a63d94d688c01",
          "sha256:64c2f41086fb5f67eed26edb75de2087d666295c974eee89f0ee640b7e5b300f",
          "sha256:4b1454f4382bf2be84f86121b20ae58393baf890d67968a80f07a5348ead6499",
          "sha256:0e31e58a22a91552fc8df75c7a44f5a5fa4d2351b94091f9af72f768afeb10bf"
        ]
      },
      "config": {
        "Cmd": [
          "/bin/sh",
          "-c",
          "/webapp/startup.sh \u0026\u0026 nginx -g 'daemon off;'"
        ],
        "Entrypoint": [
          "/docker-entrypoint.sh"
        ],
        "Env": [
          "PATH=/usr/local/sbin:/usr/local/bin:/usr/sbin:/usr/bin:/sbin:/bin",
          "NGINX_VERSION=1.22.1",
          "NJS_VERSION=0.7.7",
          "PKG_RELEASE=1"
        ],
        "Image": "sha256:fbe709d640b02ccf6b2becf4010016eab8f690a51e765494dfafbcbf5cdf0cf6",
        "Labels": {
          "maintainer": "NGINX Docker Maintainers \u003cdocker-maint@nginx.com\u003e"
        },
        "User": "999",
        "WorkingDir": "/usr/share/nginx/html",
        "ExposedPorts": {
          "80/tcp": {},
          "8080/tcp": {}
        },
        "StopSignal": "SIGQUIT"
      }
    }
  },
  "Results": [
    {
      "Target": "/home/vsts/work/1/edge-sceuitool/dockerimage.tar (alpine 3.16.3)",
      "Class": "os-pkgs",
      "Type": "alpine",
      "Packages": [
        {
          "ID": "alpine-baselayout@3.2.0-r23",
          "Name": "alpine-baselayout",
          "Version": "3.2.0-r23",
          "SrcName": "alpine-baselayout",
          "SrcVersion": "3.2.0-r23",
          "Licenses": [
            "GPL-2.0"
          ],
          "DependsOn": [
            "alpine-baselayout-data@3.2.0-r23",
            "busybox@1.35.0-r17",
            "musl@1.2.3-r1"
          ],
          "Layer": {
            "DiffID": "sha256:e5e13b0c77cbb769548077189c3da2f0a764ceca06af49d8d558e759f5c232bd"
          }
        },
        {
          "ID": "alpine-baselayout-data@3.2.0-r23",
          "Name": "alpine-baselayout-data",
          "Version": "3.2.0-r23",
          "SrcName": "alpine-baselayout",
          "SrcVersion": "3.2.0-r23",
          "Licenses": [
            "GPL-2.0"
          ],
          "Layer": {
            "DiffID": "sha256:e5e13b0c77cbb769548077189c3da2f0a764ceca06af49d8d558e759f5c232bd"
          }
        },
        {
          "ID": "alpine-keys@2.4-r1",
          "Name": "alpine-keys",
          "Version": "2.4-r1",
          "SrcName": "alpine-keys",
          "SrcVersion": "2.4-r1",
          "Licenses": [
            "MIT"
          ],
          "Layer": {
            "DiffID": "sha256:e5e13b0c77cbb769548077189c3da2f0a764ceca06af49d8d558e759f5c232bd"
          }
        },
        {
          "ID": "apk-tools@2.12.9-r3",
          "Name": "apk-tools",
          "Version": "2.12.9-r3",
          "SrcName": "apk-tools",
          "SrcVersion": "2.12.9-r3",
          "Licenses": [
            "GPL-2.0"
          ],
          "DependsOn": [
            "ca-certificates-bundle@20220614-r0",
            "libcrypto1.1@1.1.1s-r0",
            "libssl1.1@1.1.1s-r0",
            "musl@1.2.3-r1",
            "zlib@1.2.12-r3"
          ],
          "Layer": {
            "DiffID": "sha256:e5e13b0c77cbb769548077189c3da2f0a764ceca06af49d8d558e759f5c232bd"
          }
        },
        {
          "ID": "brotli-libs@1.0.9-r6",
          "Name": "brotli-libs",
          "Version": "1.0.9-r6",
          "SrcName": "brotli",
          "SrcVersion": "1.0.9-r6",
          "Licenses": [
            "MIT"
          ],
          "DependsOn": [
            "musl@1.2.3-r1"
          ],
          "Layer": {
            "DiffID": "sha256:bae7eaf80215a7c6f524b46b270c0e3d22776570c382032908cd451611134696"
          }
        },
        {
          "ID": "busybox@1.35.0-r17",
          "Name": "busybox",
          "Version": "1.35.0-r17",
          "SrcName": "busybox",
          "SrcVersion": "1.35.0-r17",
          "Licenses": [
            "GPL-2.0"
          ],
          "DependsOn": [
            "musl@1.2.3-r1"
          ],
          "Layer": {
            "DiffID": "sha256:e5e13b0c77cbb769548077189c3da2f0a764ceca06af49d8d558e759f5c232bd"
          }
        },
        {
          "ID": "ca-certificates@20220614-r0",
          "Name": "ca-certificates",
          "Version": "20220614-r0",
          "SrcName": "ca-certificates",
          "SrcVersion": "20220614-r0",
          "Licenses": [
            "MPL-2.0",
            "MIT"
          ],
          "DependsOn": [
            "busybox@1.35.0-r17",
            "libcrypto1.1@1.1.1s-r0",
            "musl@1.2.3-r1"
          ],
          "Layer": {
            "DiffID": "sha256:bae7eaf80215a7c6f524b46b270c0e3d22776570c382032908cd451611134696"
          }
        },
        {
          "ID": "ca-certificates-bundle@20220614-r0",
          "Name": "ca-certificates-bundle",
          "Version": "20220614-r0",
          "SrcName": "ca-certificates",
          "SrcVersion": "20220614-r0",
          "Licenses": [
            "MPL-2.0",
            "MIT"
          ],
          "Layer": {
            "DiffID": "sha256:e5e13b0c77cbb769548077189c3da2f0a764ceca06af49d8d558e759f5c232bd"
          }
        },
        {
          "ID": "curl@7.83.1-r4",
          "Name": "curl",
          "Version": "7.83.1-r4",
          "SrcName": "curl",
          "SrcVersion": "7.83.1-r4",
          "Licenses": [
            "curl"
          ],
          "DependsOn": [
            "ca-certificates@20220614-r0",
            "libcurl@7.83.1-r4",
            "musl@1.2.3-r1",
            "zlib@1.2.12-r3"
          ],
          "Layer": {
            "DiffID": "sha256:bae7eaf80215a7c6f524b46b270c0e3d22776570c382032908cd451611134696"
          }
        },
        {
          "ID": "freetype@2.12.1-r0",
          "Name": "freetype",
          "Version": "2.12.1-r0",
          "SrcName": "freetype",
          "SrcVersion": "2.12.1-r0",
          "Licenses": [
            "FTL",
            "GPL-2.0"
          ],
          "DependsOn": [
            "brotli-libs@1.0.9-r6",
            "libbz2@1.0.8-r1",
            "libpng@1.6.37-r1",
            "musl@1.2.3-r1",
            "zlib@1.2.12-r3"
          ],
          "Layer": {
            "DiffID": "sha256:bae7eaf80215a7c6f524b46b270c0e3d22776570c382032908cd451611134696"
          }
        },
        {
          "ID": "geoip@1.6.12-r2",
          "Name": "geoip",
          "Version": "1.6.12-r2",
          "SrcName": "geoip",
          "SrcVersion": "1.6.12-r2",
          "Licenses": [
            "GPL-3.0"
          ],
          "DependsOn": [
            "musl@1.2.3-r1"
          ],
          "Layer": {
            "DiffID": "sha256:bae7eaf80215a7c6f524b46b270c0e3d22776570c382032908cd451611134696"
          }
        },
        {
          "ID": "libbz2@1.0.8-r1",
          "Name": "libbz2",
          "Version": "1.0.8-r1",
          "SrcName": "bzip2",
          "SrcVersion": "1.0.8-r1",
          "Licenses": [
            "bzip2-1.0.6"
          ],
          "DependsOn": [
            "musl@1.2.3-r1"
          ],
          "Layer": {
            "DiffID": "sha256:bae7eaf80215a7c6f524b46b270c0e3d22776570c382032908cd451611134696"
          }
        },
        {
          "ID": "libc-utils@0.7.2-r3",
          "Name": "libc-utils",
          "Version": "0.7.2-r3",
          "SrcName": "libc-dev",
          "SrcVersion": "0.7.2-r3",
          "Licenses": [
            "BSD-2-Clause",
            "BSD-3-Clause"
          ],
          "DependsOn": [
            "musl-utils@1.2.3-r1"
          ],
          "Layer": {
            "DiffID": "sha256:e5e13b0c77cbb769548077189c3da2f0a764ceca06af49d8d558e759f5c232bd"
          }
        },
        {
          "ID": "libcrypto1.1@1.1.1s-r0",
          "Name": "libcrypto1.1",
          "Version": "1.1.1s-r0",
          "SrcName": "openssl",
          "SrcVersion": "1.1.1s-r0",
          "Licenses": [
            "OpenSSL"
          ],
          "DependsOn": [
            "musl@1.2.3-r1"
          ],
          "Layer": {
            "DiffID": "sha256:e5e13b0c77cbb769548077189c3da2f0a764ceca06af49d8d558e759f5c232bd"
          }
        },
        {
          "ID": "libcurl@7.83.1-r4",
          "Name": "libcurl",
          "Version": "7.83.1-r4",
          "SrcName": "curl",
          "SrcVersion": "7.83.1-r4",
          "Licenses": [
            "curl"
          ],
          "DependsOn": [
            "brotli-libs@1.0.9-r6",
            "ca-certificates@20220614-r0",
            "libcrypto1.1@1.1.1s-r0",
            "libssl1.1@1.1.1s-r0",
            "musl@1.2.3-r1",
            "nghttp2-libs@1.47.0-r0",
            "zlib@1.2.12-r3"
          ],
          "Layer": {
            "DiffID": "sha256:bae7eaf80215a7c6f524b46b270c0e3d22776570c382032908cd451611134696"
          }
        },
        {
          "ID": "libedit@20210910.3.1-r0",
          "Name": "libedit",
          "Version": "20210910.3.1-r0",
          "SrcName": "libedit",
          "SrcVersion": "20210910.3.1-r0",
          "Licenses": [
            "BSD-3-Clause"
          ],
          "DependsOn": [
            "musl@1.2.3-r1",
            "ncurses-libs@6.3_p20220521-r0"
          ],
          "Layer": {
            "DiffID": "sha256:bae7eaf80215a7c6f524b46b270c0e3d22776570c382032908cd451611134696"
          }
        },
        {
          "ID": "libgcrypt@1.10.1-r0",
          "Name": "libgcrypt",
          "Version": "1.10.1-r0",
          "SrcName": "libgcrypt",
          "SrcVersion": "1.10.1-r0",
          "Licenses": [
            "LGPL-2.1-or-later"
          ],
          "DependsOn": [
            "libgpg-error@1.45-r0",
            "musl@1.2.3-r1"
          ],
          "Layer": {
            "DiffID": "sha256:bae7eaf80215a7c6f524b46b270c0e3d22776570c382032908cd451611134696"
          }
        },
        {
          "ID": "libgd@2.3.3-r0",
          "Name": "libgd",
          "Version": "2.3.3-r0",
          "SrcName": "gd",
          "SrcVersion": "2.3.3-r0",
          "Licenses": [
            "custom"
          ],
          "DependsOn": [
            "freetype@2.12.1-r0",
            "libjpeg-turbo@2.1.3-r1",
            "libpng@1.6.37-r1",
            "libwebp@1.2.3-r0",
            "musl@1.2.3-r1"
          ],
          "Layer": {
            "DiffID": "sha256:bae7eaf80215a7c6f524b46b270c0e3d22776570c382032908cd451611134696"
          }
        },
        {
          "ID": "libgpg-error@1.45-r0",
          "Name": "libgpg-error",
          "Version": "1.45-r0",
          "SrcName": "libgpg-error",
          "SrcVersion": "1.45-r0",
          "Licenses": [
            "GPL-2.0",
            "LGPL-2.1-or-later"
          ],
          "DependsOn": [
            "musl@1.2.3-r1"
          ],
          "Layer": {
            "DiffID": "sha256:bae7eaf80215a7c6f524b46b270c0e3d22776570c382032908cd451611134696"
          }
        },
        {
          "ID": "libintl@0.21-r2",
          "Name": "libintl",
          "Version": "0.21-r2",
          "SrcName": "gettext",
          "SrcVersion": "0.21-r2",
          "Licenses": [
            "LGPL-2.1-or-later"
          ],
          "DependsOn": [
            "musl@1.2.3-r1"
          ],
          "Layer": {
            "DiffID": "sha256:bae7eaf80215a7c6f524b46b270c0e3d22776570c382032908cd451611134696"
          }
        },
        {
          "ID": "libjpeg-turbo@2.1.3-r1",
          "Name": "libjpeg-turbo",
          "Version": "2.1.3-r1",
          "SrcName": "libjpeg-turbo",
          "SrcVersion": "2.1.3-r1",
          "Licenses": [
            "BSD-3-Clause",
            "IJG",
            "Zlib"
          ],
          "DependsOn": [
            "musl@1.2.3-r1"
          ],
          "Layer": {
            "DiffID": "sha256:bae7eaf80215a7c6f524b46b270c0e3d22776570c382032908cd451611134696"
          }
        },
        {
          "ID": "libpng@1.6.37-r1",
          "Name": "libpng",
          "Version": "1.6.37-r1",
          "SrcName": "libpng",
          "SrcVersion": "1.6.37-r1",
          "Licenses": [
            "Libpng"
          ],
          "DependsOn": [
            "musl@1.2.3-r1",
            "zlib@1.2.12-r3"
          ],
          "Layer": {
            "DiffID": "sha256:bae7eaf80215a7c6f524b46b270c0e3d22776570c382032908cd451611134696"
          }
        },
        {
          "ID": "libssl1.1@1.1.1s-r0",
          "Name": "libssl1.1",
          "Version": "1.1.1s-r0",
          "SrcName": "openssl",
          "SrcVersion": "1.1.1s-r0",
          "Licenses": [
            "OpenSSL"
          ],
          "DependsOn": [
            "libcrypto1.1@1.1.1s-r0",
            "musl@1.2.3-r1"
          ],
          "Layer": {
            "DiffID": "sha256:e5e13b0c77cbb769548077189c3da2f0a764ceca06af49d8d558e759f5c232bd"
          }
        },
        {
          "ID": "libwebp@1.2.3-r0",
          "Name": "libwebp",
          "Version": "1.2.3-r0",
          "SrcName": "libwebp",
          "SrcVersion": "1.2.3-r0",
          "Licenses": [
            "BSD-3-Clause"
          ],
          "DependsOn": [
            "musl@1.2.3-r1"
          ],
          "Layer": {
            "DiffID": "sha256:bae7eaf80215a7c6f524b46b270c0e3d22776570c382032908cd451611134696"
          }
        },
        {
          "ID": "libxml2@2.9.14-r2",
          "Name": "libxml2",
          "Version": "2.9.14-r2",
          "SrcName": "libxml2",
          "SrcVersion": "2.9.14-r2",
          "Licenses": [
            "MIT"
          ],
          "DependsOn": [
            "musl@1.2.3-r1",
            "xz-libs@5.2.5-r1",
            "zlib@1.2.12-r3"
          ],
          "Layer": {
            "DiffID": "sha256:bae7eaf80215a7c6f524b46b270c0e3d22776570c382032908cd451611134696"
          }
        },
        {
          "ID": "libxslt@1.1.35-r0",
          "Name": "libxslt",
          "Version": "1.1.35-r0",
          "SrcName": "libxslt",
          "SrcVersion": "1.1.35-r0",
          "Licenses": [
            "custom"
          ],
          "DependsOn": [
            "libgcrypt@1.10.1-r0",
            "libxml2@2.9.14-r2",
            "musl@1.2.3-r1"
          ],
          "Layer": {
            "DiffID": "sha256:bae7eaf80215a7c6f524b46b270c0e3d22776570c382032908cd451611134696"
          }
        },
        {
          "ID": "musl@1.2.3-r1",
          "Name": "musl",
          "Version": "1.2.3-r1",
          "SrcName": "musl",
          "SrcVersion": "1.2.3-r1",
          "Licenses": [
            "MIT"
          ],
          "Layer": {
            "DiffID": "sha256:e5e13b0c77cbb769548077189c3da2f0a764ceca06af49d8d558e759f5c232bd"
          }
        },
        {
          "ID": "musl-utils@1.2.3-r1",
          "Name": "musl-utils",
          "Version": "1.2.3-r1",
          "SrcName": "musl",
          "SrcVersion": "1.2.3-r1",
          "Licenses": [
            "MIT",
            "BSD-3-Clause",
            "GPL-2.0"
          ],
          "DependsOn": [
            "musl@1.2.3-r1",
            "scanelf@1.3.4-r0"
          ],
          "Layer": {
            "DiffID": "sha256:e5e13b0c77cbb769548077189c3da2f0a764ceca06af49d8d558e759f5c232bd"
          }
        },
        {
          "ID": "ncurses-libs@6.3_p20220521-r0",
          "Name": "ncurses-libs",
          "Version": "6.3_p20220521-r0",
          "SrcName": "ncurses",
          "SrcVersion": "6.3_p20220521-r0",
          "Licenses": [
            "MIT"
          ],
          "DependsOn": [
            "musl@1.2.3-r1",
            "ncurses-terminfo-base@6.3_p20220521-r0"
          ],
          "Layer": {
            "DiffID": "sha256:bae7eaf80215a7c6f524b46b270c0e3d22776570c382032908cd451611134696"
          }
        },
        {
          "ID": "ncurses-terminfo-base@6.3_p20220521-r0",
          "Name": "ncurses-terminfo-base",
          "Version": "6.3_p20220521-r0",
          "SrcName": "ncurses",
          "SrcVersion": "6.3_p20220521-r0",
          "Licenses": [
            "MIT"
          ],
          "Layer": {
            "DiffID": "sha256:bae7eaf80215a7c6f524b46b270c0e3d22776570c382032908cd451611134696"
          }
        },
        {
          "ID": "nghttp2-libs@1.47.0-r0",
          "Name": "nghttp2-libs",
          "Version": "1.47.0-r0",
          "SrcName": "nghttp2",
          "SrcVersion": "1.47.0-r0",
          "Licenses": [
            "MIT"
          ],
          "DependsOn": [
            "musl@1.2.3-r1"
          ],
          "Layer": {
            "DiffID": "sha256:bae7eaf80215a7c6f524b46b270c0e3d22776570c382032908cd451611134696"
          }
        },
        {
          "ID": "nginx@1.22.1-r1",
          "Name": "nginx",
          "Version": "1.22.1-r1",
          "SrcName": "nginx",
          "SrcVersion": "1.22.1-r1",
          "Licenses": [
            "2-clause",
            "BSD-like",
            "license"
          ],
          "DependsOn": [
            "busybox@1.35.0-r17",
            "libcrypto1.1@1.1.1s-r0",
            "libssl1.1@1.1.1s-r0",
            "musl@1.2.3-r1",
            "pcre2@10.40-r0",
            "zlib@1.2.12-r3"
          ],
          "Layer": {
            "DiffID": "sha256:bae7eaf80215a7c6f524b46b270c0e3d22776570c382032908cd451611134696"
          }
        },
        {
          "ID": "nginx-module-geoip@1.22.1-r1",
          "Name": "nginx-module-geoip",
          "Version": "1.22.1-r1",
          "SrcName": "nginx-module-geoip",
          "SrcVersion": "1.22.1-r1",
          "Licenses": [
            "2-clause",
            "BSD-like",
            "license"
          ],
          "DependsOn": [
            "busybox@1.35.0-r17",
            "geoip@1.6.12-r2",
            "musl@1.2.3-r1",
            "nginx@1.22.1-r1"
          ],
          "Layer": {
            "DiffID": "sha256:bae7eaf80215a7c6f524b46b270c0e3d22776570c382032908cd451611134696"
          }
        },
        {
          "ID": "nginx-module-image-filter@1.22.1-r1",
          "Name": "nginx-module-image-filter",
          "Version": "1.22.1-r1",
          "SrcName": "nginx-module-image-filter",
          "SrcVersion": "1.22.1-r1",
          "Licenses": [
            "2-clause",
            "BSD-like",
            "license"
          ],
          "DependsOn": [
            "busybox@1.35.0-r17",
            "libgd@2.3.3-r0",
            "musl@1.2.3-r1",
            "nginx@1.22.1-r1"
          ],
          "Layer": {
            "DiffID": "sha256:bae7eaf80215a7c6f524b46b270c0e3d22776570c382032908cd451611134696"
          }
        },
        {
          "ID": "nginx-module-njs@1.22.1.0.7.7-r1",
          "Name": "nginx-module-njs",
          "Version": "1.22.1.0.7.7-r1",
          "SrcName": "nginx-module-njs",
          "SrcVersion": "1.22.1.0.7.7-r1",
          "Licenses": [
            "2-clause",
            "BSD-like",
            "license"
          ],
          "DependsOn": [
            "busybox@1.35.0-r17",
            "libcrypto1.1@1.1.1s-r0",
            "libedit@20210910.3.1-r0",
            "musl@1.2.3-r1",
            "nginx@1.22.1-r1",
            "pcre2@10.40-r0"
          ],
          "Layer": {
            "DiffID": "sha256:bae7eaf80215a7c6f524b46b270c0e3d22776570c382032908cd451611134696"
          }
        },
        {
          "ID": "nginx-module-xslt@1.22.1-r1",
          "Name": "nginx-module-xslt",
          "Version": "1.22.1-r1",
          "SrcName": "nginx-module-xslt",
          "SrcVersion": "1.22.1-r1",
          "Licenses": [
            "2-clause",
            "BSD-like",
            "license"
          ],
          "DependsOn": [
            "busybox@1.35.0-r17",
            "libxml2@2.9.14-r2",
            "libxslt@1.1.35-r0",
            "musl@1.2.3-r1",
            "nginx@1.22.1-r1"
          ],
          "Layer": {
            "DiffID": "sha256:bae7eaf80215a7c6f524b46b270c0e3d22776570c382032908cd451611134696"
          }
        },
        {
          "ID": "pcre2@10.40-r0",
          "Name": "pcre2",
          "Version": "10.40-r0",
          "SrcName": "pcre2",
          "SrcVersion": "10.40-r0",
          "Licenses": [
            "BSD-3-Clause"
          ],
          "DependsOn": [
            "musl@1.2.3-r1"
          ],
          "Layer": {
            "DiffID": "sha256:bae7eaf80215a7c6f524b46b270c0e3d22776570c382032908cd451611134696"
          }
        },
        {
          "ID": "scanelf@1.3.4-r0",
          "Name": "scanelf",
          "Version": "1.3.4-r0",
          "SrcName": "pax-utils",
          "SrcVersion": "1.3.4-r0",
          "Licenses": [
            "GPL-2.0"
          ],
          "DependsOn": [
            "musl@1.2.3-r1"
          ],
          "Layer": {
            "DiffID": "sha256:e5e13b0c77cbb769548077189c3da2f0a764ceca06af49d8d558e759f5c232bd"
          }
        },
        {
          "ID": "ssl_client@1.35.0-r17",
          "Name": "ssl_client",
          "Version": "1.35.0-r17",
          "SrcName": "busybox",
          "SrcVersion": "1.35.0-r17",
          "Licenses": [
            "GPL-2.0"
          ],
          "DependsOn": [
            "libcrypto1.1@1.1.1s-r0",
            "libssl1.1@1.1.1s-r0",
            "musl@1.2.3-r1"
          ],
          "Layer": {
            "DiffID": "sha256:e5e13b0c77cbb769548077189c3da2f0a764ceca06af49d8d558e759f5c232bd"
          }
        },
        {
          "ID": "tzdata@2022f-r1",
          "Name": "tzdata",
          "Version": "2022f-r1",
          "SrcName": "tzdata",
          "SrcVersion": "2022f-r1",
          "Licenses": [
            "Public-Domain"
          ],
          "DependsOn": [
            "musl@1.2.3-r1"
          ],
          "Layer": {
            "DiffID": "sha256:bae7eaf80215a7c6f524b46b270c0e3d22776570c382032908cd451611134696"
          }
        },
        {
          "ID": "xz-libs@5.2.5-r1",
          "Name": "xz-libs",
          "Version": "5.2.5-r1",
          "SrcName": "xz",
          "SrcVersion": "5.2.5-r1",
          "Licenses": [
            "GPL-2.0",
            "Public-Domain",
            "LGPL-2.1-or-later"
          ],
          "DependsOn": [
            "musl@1.2.3-r1"
          ],
          "Layer": {
            "DiffID": "sha256:bae7eaf80215a7c6f524b46b270c0e3d22776570c382032908cd451611134696"
          }
        },
        {
          "ID": "zlib@1.2.12-r3",
          "Name": "zlib",
          "Version": "1.2.12-r3",
          "SrcName": "zlib",
          "SrcVersion": "1.2.12-r3",
          "Licenses": [
            "Zlib"
          ],
          "DependsOn": [
            "musl@1.2.3-r1"
          ],
          "Layer": {
            "DiffID": "sha256:e5e13b0c77cbb769548077189c3da2f0a764ceca06af49d8d558e759f5c232bd"
          }
        }
      ]
    }
  ]
}
